insert into nation (id, country_name, capital_name) values (1, 'Soviet Union', 'Moscow');
insert into nation (id, country_name, capital_name) values (2, 'Great Britain', 'London');
insert into nation (id, country_name, capital_name) values (3, 'Ireland', 'Dublin');
insert into nation (id, country_name, capital_name) values (4, 'Netherlands', 'Amsterdam');
insert into nation (id, country_name, capital_name) values (5, 'Belgium', 'Brussels');
insert into nation (id, country_name, capital_name) values (6, 'France', 'Paris');
insert into nation (id, country_name, capital_name) values (7, 'Luxemburg', 'Luxemburg');
insert into nation (id, country_name, capital_name) values (8, 'Germany', 'Berlin');
insert into nation (id, country_name, capital_name) values (9, 'Denmark', 'Copenhagen');
insert into nation (id, country_name, capital_name) values (10, 'Sweden', 'Stockholm');
insert into nation (id, country_name, capital_name) values (11, 'Austria', 'Vienna');
insert into nation (id, country_name, capital_name) values (12, 'Czechoslovakia', 'Prague');
insert into nation (id, country_name, capital_name) values (13, 'Hungary', 'Budapest');
insert into nation (id, country_name, capital_name) values (14, 'Romania', 'Bucharest');
insert into nation (id, country_name, capital_name) values (15, 'Yugoslavia', 'Belgrade');
insert into nation (id, country_name, capital_name) values (16, 'Italy', 'Rome');
insert into nation (id, country_name, capital_name) values (17, 'Bulgaria', 'Sofia');
insert into nation (id, country_name, capital_name) values (18, 'Greece', 'Athens');
insert into nation (id, country_name, capital_name) values (19, 'Turkey', 'Ankara');
insert into nation (id, country_name, capital_name) values (20, 'Albania', 'Tirana');
insert into nation (id, country_name, capital_name) values (21, 'Spain', 'Madrid');
insert into nation (id, country_name, capital_name) values (22, 'Norway', 'Oslo');
insert into nation (id, country_name, capital_name) values (23, 'Estonia', 'Tallin');
insert into nation (id, country_name, capital_name) values (24, 'Latvia', 'Riga');
insert into nation (id, country_name, capital_name) values (25, 'Lithuania', 'Kaunas');
insert into nation (id, country_name, capital_name) values (26, 'Poland', 'Warsaw');
insert into nation (id, country_name, capital_name) values (27, 'Portugal', 'Lisbon');
insert into nation (id, country_name, capital_name) values (28, 'Finland', 'Helsinki');
insert into nation (id, country_name, capital_name) values (29, 'United States', 'Washington');
insert into nation (id, country_name, capital_name) values (30, 'Canada', 'Ottawa');
insert into nation (id, country_name, capital_name) values (31, 'British Raj', 'Delhi');
insert into nation (id, country_name, capital_name) values (32, 'China', 'Nanjing');
insert into nation (id, country_name, capital_name) values (33, 'Japan', 'Tokyo');
insert into nation (id, country_name, capital_name) values (34, 'Australia', 'Canberra');
insert into nation (id, country_name, capital_name) values (35, 'Nepal', 'Kathmandu');
insert into nation (id, country_name, capital_name) values (36, 'Bhutan', 'Punakha');
insert into nation (id, country_name, capital_name) values (37, 'Iran', 'Tehran');
insert into nation (id, country_name, capital_name) values (38, 'Iraq', 'Baghdad');
insert into nation (id, country_name, capital_name) values (39, 'Mexico', 'Mexico City');
insert into nation (id, country_name, capital_name) values (40, 'Colombia', 'Bogota');
insert into nation (id, country_name, capital_name) values (41, 'Venezuela', 'Caracas');
insert into nation (id, country_name, capital_name) values (42, 'Brazil', 'Rio de Janeiro');
insert into nation (id, country_name, capital_name) values (43, 'Argentina', 'Buenos Aires');
insert into nation (id, country_name, capital_name) values (44, 'Chilie', 'Santiago');
insert into nation (id, country_name, capital_name) values (45, 'Saudi Arabia', 'Riyadh');
insert into nation (id, country_name, capital_name) values (46, 'Afghanistan', 'Kabul');
insert into nation (id, country_name, capital_name) values (47, 'Mongolia', ' Ulaanbatar');
insert into nation (id, country_name, capital_name) values (48, 'Siam', 'Bangkok');
insert into nation (id, country_name, capital_name) values (49, 'Dutch East Indies', 'Batavia');
insert into nation (id, country_name, capital_name) values (50, 'New Zealand', 'Wellington');
insert into nation (id, country_name, capital_name) values (51, 'Philippines', 'Manila');
insert into nation (id, country_name, capital_name) values (52, 'Peru', 'Lima');
insert into nation (id, country_name, capital_name) values (53, 'Switzerland', 'Undefined');

insert into society (id, nation_id, population, pop_growth, pop_death, lifespan, tax, happiness) values (1, 1, 7922214, 7, 4, 72, 15, 100);
insert into society (id, nation_id, population, pop_growth, pop_death, lifespan, tax, happiness) values (2, 2, 18894833, 7, 5, 72, 37, 42);
insert into society (id, nation_id, population, pop_growth, pop_death, lifespan, tax, happiness) values (3, 3, 30292492, 5, 5, 88, 36, 35);
insert into society (id, nation_id, population, pop_growth, pop_death, lifespan, tax, happiness) values (4, 4, 27520099, 10, 3, 98, 23, 87);
insert into society (id, nation_id, population, pop_growth, pop_death, lifespan, tax, happiness) values (5, 5, 35595155, 6, 0, 62, 6, 82);
insert into society (id, nation_id, population, pop_growth, pop_death, lifespan, tax, happiness) values (6, 6, 81403748, 8, 0, 60, 2, 41);
insert into society (id, nation_id, population, pop_growth, pop_death, lifespan, tax, happiness) values (7, 7, 59222395, 3, 2, 92, 44, 67);
insert into society (id, nation_id, population, pop_growth, pop_death, lifespan, tax, happiness) values (8, 8, 67563948, 8, 5, 93, 8, 90);
insert into society (id, nation_id, population, pop_growth, pop_death, lifespan, tax, happiness) values (9, 9, 13400388, 0, 3, 82, 54, 60);
insert into society (id, nation_id, population, pop_growth, pop_death, lifespan, tax, happiness) values (10, 10, 51685573, 1, 3, 90, 49, 89);
insert into society (id, nation_id, population, pop_growth, pop_death, lifespan, tax, happiness) values (11, 11, 68052582, 3, 5, 85, 44, 50);
insert into society (id, nation_id, population, pop_growth, pop_death, lifespan, tax, happiness) values (12, 12, 77588621, 1, 3, 92, 22, 24);
insert into society (id, nation_id, population, pop_growth, pop_death, lifespan, tax, happiness) values (13, 13, 6648916, 0, 0, 90, 3, 95);
insert into society (id, nation_id, population, pop_growth, pop_death, lifespan, tax, happiness) values (14, 14, 90332845, 7, 2, 88, 10, 53);
insert into society (id, nation_id, population, pop_growth, pop_death, lifespan, tax, happiness) values (15, 15, 19216774, 3, 1, 87, 13, 58);
insert into society (id, nation_id, population, pop_growth, pop_death, lifespan, tax, happiness) values (16, 16, 58770173, 3, 3, 85, 20, 35);
insert into society (id, nation_id, population, pop_growth, pop_death, lifespan, tax, happiness) values (17, 17, 42961630, 0, 4, 90, 31, 85);
insert into society (id, nation_id, population, pop_growth, pop_death, lifespan, tax, happiness) values (18, 18, 64991687, 10, 3, 88, 56, 54);
insert into society (id, nation_id, population, pop_growth, pop_death, lifespan, tax, happiness) values (19, 19, 92596277, 2, 4, 63, 43, 52);
insert into society (id, nation_id, population, pop_growth, pop_death, lifespan, tax, happiness) values (20, 20, 56503985, 6, 1, 81, 17, 98);
insert into society (id, nation_id, population, pop_growth, pop_death, lifespan, tax, happiness) values (21, 21, 73044089, 6, 0, 72, 40, 39);
insert into society (id, nation_id, population, pop_growth, pop_death, lifespan, tax, happiness) values (22, 22, 53399942, 2, 3, 73, 19, 97);
insert into society (id, nation_id, population, pop_growth, pop_death, lifespan, tax, happiness) values (23, 23, 14100701, 4, 1, 83, 44, 89);
insert into society (id, nation_id, population, pop_growth, pop_death, lifespan, tax, happiness) values (24, 24, 43839025, 1, 1, 62, 7, 62);
insert into society (id, nation_id, population, pop_growth, pop_death, lifespan, tax, happiness) values (25, 25, 25342983, 3, 4, 86, 51, 79);
insert into society (id, nation_id, population, pop_growth, pop_death, lifespan, tax, happiness) values (26, 26, 83982857, 2, 3, 84, 35, 63);
insert into society (id, nation_id, population, pop_growth, pop_death, lifespan, tax, happiness) values (27, 27, 53328193, 7, 3, 99, 48, 61);
insert into society (id, nation_id, population, pop_growth, pop_death, lifespan, tax, happiness) values (28, 28, 50818312, 6, 2, 71, 2, 80);
insert into society (id, nation_id, population, pop_growth, pop_death, lifespan, tax, happiness) values (29, 29, 33474234, 0, 3, 64, 24, 94);
insert into society (id, nation_id, population, pop_growth, pop_death, lifespan, tax, happiness) values (30, 30, 40591449, 10, 3, 61, 48, 28);
insert into society (id, nation_id, population, pop_growth, pop_death, lifespan, tax, happiness) values (31, 31, 850534, 8, 1, 99, 37, 20);
insert into society (id, nation_id, population, pop_growth, pop_death, lifespan, tax, happiness) values (32, 32, 91685605, 7, 5, 69, 58, 47);
insert into society (id, nation_id, population, pop_growth, pop_death, lifespan, tax, happiness) values (33, 33, 9210938, 4, 2, 71, 5, 29);
insert into society (id, nation_id, population, pop_growth, pop_death, lifespan, tax, happiness) values (34, 34, 90554532, 2, 1, 95, 19, 64);
insert into society (id, nation_id, population, pop_growth, pop_death, lifespan, tax, happiness) values (35, 35, 77406738, 3, 3, 96, 17, 30);
insert into society (id, nation_id, population, pop_growth, pop_death, lifespan, tax, happiness) values (36, 36, 6886186, 5, 3, 93, 17, 88);
insert into society (id, nation_id, population, pop_growth, pop_death, lifespan, tax, happiness) values (37, 37, 20353318, 10, 4, 78, 20, 88);
insert into society (id, nation_id, population, pop_growth, pop_death, lifespan, tax, happiness) values (38, 38, 52700194, 3, 3, 93, 47, 65);
insert into society (id, nation_id, population, pop_growth, pop_death, lifespan, tax, happiness) values (39, 39, 92246242, 3, 5, 69, 52, 67);
insert into society (id, nation_id, population, pop_growth, pop_death, lifespan, tax, happiness) values (40, 40, 78337343, 2, 3, 85, 4, 33);
insert into society (id, nation_id, population, pop_growth, pop_death, lifespan, tax, happiness) values (41, 41, 33483585, 8, 5, 84, 4, 72);
insert into society (id, nation_id, population, pop_growth, pop_death, lifespan, tax, happiness) values (42, 42, 12934449, 5, 2, 64, 35, 45);
insert into society (id, nation_id, population, pop_growth, pop_death, lifespan, tax, happiness) values (43, 43, 47239235, 2, 3, 89, 27, 70);
insert into society (id, nation_id, population, pop_growth, pop_death, lifespan, tax, happiness) values (44, 44, 86164776, 1, 1, 98, 57, 62);
insert into society (id, nation_id, population, pop_growth, pop_death, lifespan, tax, happiness) values (45, 45, 62313189, 2, 4, 61, 37, 81);
insert into society (id, nation_id, population, pop_growth, pop_death, lifespan, tax, happiness) values (46, 46, 86942446, 1, 0, 91, 55, 30);
insert into society (id, nation_id, population, pop_growth, pop_death, lifespan, tax, happiness) values (47, 47, 47187883, 2, 2, 94, 20, 100);
insert into society (id, nation_id, population, pop_growth, pop_death, lifespan, tax, happiness) values (48, 48, 21951836, 0, 5, 68, 6, 74);
insert into society (id, nation_id, population, pop_growth, pop_death, lifespan, tax, happiness) values (49, 49, 86289681, 3, 3, 64, 1, 47);
insert into society (id, nation_id, population, pop_growth, pop_death, lifespan, tax, happiness) values (50, 50, 37893275, 8, 5, 85, 43, 68);
insert into society (id, nation_id, population, pop_growth, pop_death, lifespan, tax, happiness) values (51, 51, 83784581, 5, 5, 63, 47, 58);
insert into society (id, nation_id, population, pop_growth, pop_death, lifespan, tax, happiness) values (52, 52, 18369717, 9, 0, 91, 58, 65);
insert into society (id, nation_id, population, pop_growth, pop_death, lifespan, tax, happiness) values (53, 53, 4892323, 4, 1, 93, 20, 83);

insert into resources (id, nation_id, oil, gas, diamond, gold, iron, coal) values (1, 1, 753476, 129581, 8542, 3993, 1886417, 494769);
insert into resources (id, nation_id, oil, gas, diamond, gold, iron, coal) values (2, 2, 721396, 8204661, 109, 53240, 1207658, 366016);
insert into resources (id, nation_id, oil, gas, diamond, gold, iron, coal) values (3, 3, 130756, 5792214, 6040, 12900, 2415341, 27592);
insert into resources (id, nation_id, oil, gas, diamond, gold, iron, coal) values (4, 4, 895700, 493877, 2332, 13782, 1368886, 315885);
insert into resources (id, nation_id, oil, gas, diamond, gold, iron, coal) values (5, 5, 204839, 7897810, 7935, 76734, 3848066, 101423);
insert into resources (id, nation_id, oil, gas, diamond, gold, iron, coal) values (6, 6, 983229, 3377051, 6970, 38830, 3460454, 987503);
insert into resources (id, nation_id, oil, gas, diamond, gold, iron, coal) values (7, 7, 114636, 2776547, 1170, 99898, 7660972, 385701);
insert into resources (id, nation_id, oil, gas, diamond, gold, iron, coal) values (8, 8, 506108, 7605137, 8784, 48804, 5392521, 373760);
insert into resources (id, nation_id, oil, gas, diamond, gold, iron, coal) values (9, 9, 161155, 3979485, 5259, 70134, 5351691, 890397);
insert into resources (id, nation_id, oil, gas, diamond, gold, iron, coal) values (10, 10, 296960, 5883431, 8769, 17954, 2918751, 36633);
insert into resources (id, nation_id, oil, gas, diamond, gold, iron, coal) values (11, 11, 536195, 5177200, 5449, 95341, 299788, 32623);
insert into resources (id, nation_id, oil, gas, diamond, gold, iron, coal) values (12, 12, 781439, 9347722, 5816, 42907, 4505086, 240817);
insert into resources (id, nation_id, oil, gas, diamond, gold, iron, coal) values (13, 13, 56311, 7451793, 3699, 42088, 3591522, 647905);
insert into resources (id, nation_id, oil, gas, diamond, gold, iron, coal) values (14, 14, 148578, 5072915, 2363, 12778, 4220933, 481501);
insert into resources (id, nation_id, oil, gas, diamond, gold, iron, coal) values (15, 15, 567253, 2727966, 8942, 92359, 1531118, 469314);
insert into resources (id, nation_id, oil, gas, diamond, gold, iron, coal) values (16, 16, 243334, 4834285, 7637, 50264, 9412892, 616572);
insert into resources (id, nation_id, oil, gas, diamond, gold, iron, coal) values (17, 17, 755612, 418570, 7298, 46242, 6881925, 745830);
insert into resources (id, nation_id, oil, gas, diamond, gold, iron, coal) values (18, 18, 57166, 6298309, 2359, 78641, 3530777, 709951);
insert into resources (id, nation_id, oil, gas, diamond, gold, iron, coal) values (19, 19, 355554, 7049172, 243, 91797, 8425910, 509734);
insert into resources (id, nation_id, oil, gas, diamond, gold, iron, coal) values (20, 20, 548892, 4712659, 2425, 33036, 7324166, 968043);
insert into resources (id, nation_id, oil, gas, diamond, gold, iron, coal) values (21, 21, 779266, 6927593, 8937, 50474, 7780148, 233191);
insert into resources (id, nation_id, oil, gas, diamond, gold, iron, coal) values (22, 22, 664457, 4694756, 2410, 48117, 5606856, 859284);
insert into resources (id, nation_id, oil, gas, diamond, gold, iron, coal) values (23, 23, 921048, 1353281, 1580, 37555, 1492973, 503860);
insert into resources (id, nation_id, oil, gas, diamond, gold, iron, coal) values (24, 24, 26159, 32885, 4276, 77673, 9159515, 73581);
insert into resources (id, nation_id, oil, gas, diamond, gold, iron, coal) values (25, 25, 286839, 8608147, 7168, 16789, 2963014, 68500);
insert into resources (id, nation_id, oil, gas, diamond, gold, iron, coal) values (26, 26, 149126, 8472469, 8363, 44453, 70427, 891001);
insert into resources (id, nation_id, oil, gas, diamond, gold, iron, coal) values (27, 27, 318192, 803603, 4704, 8001, 7706719, 103626);
insert into resources (id, nation_id, oil, gas, diamond, gold, iron, coal) values (28, 28, 798870, 943919, 2997, 2714, 7001259, 104778);
insert into resources (id, nation_id, oil, gas, diamond, gold, iron, coal) values (29, 29, 216646, 5080418, 3865, 39439, 145641, 541417);
insert into resources (id, nation_id, oil, gas, diamond, gold, iron, coal) values (30, 30, 709787, 3709286, 871, 39074, 6394870, 358153);
insert into resources (id, nation_id, oil, gas, diamond, gold, iron, coal) values (31, 31, 651242, 9400153, 4421, 91179, 6473963, 25539);
insert into resources (id, nation_id, oil, gas, diamond, gold, iron, coal) values (32, 32, 382486, 2732294, 6013, 17180, 3548160, 656882);
insert into resources (id, nation_id, oil, gas, diamond, gold, iron, coal) values (33, 33, 183417, 2769533, 9828, 71847, 1316861, 867511);
insert into resources (id, nation_id, oil, gas, diamond, gold, iron, coal) values (34, 34, 23525, 1495696, 5559, 42997, 4037370, 723291);
insert into resources (id, nation_id, oil, gas, diamond, gold, iron, coal) values (35, 35, 704855, 1012583, 4226, 40954, 4383562, 606521);
insert into resources (id, nation_id, oil, gas, diamond, gold, iron, coal) values (36, 36, 876356, 2918937, 8196, 5704, 4381083, 384238);
insert into resources (id, nation_id, oil, gas, diamond, gold, iron, coal) values (37, 37, 799581, 743198, 4675, 61280, 1134069, 219130);
insert into resources (id, nation_id, oil, gas, diamond, gold, iron, coal) values (38, 38, 818919, 762770, 3905, 56364, 7009992, 714521);
insert into resources (id, nation_id, oil, gas, diamond, gold, iron, coal) values (39, 39, 163212, 8523060, 3862, 5319, 6236107, 830817);
insert into resources (id, nation_id, oil, gas, diamond, gold, iron, coal) values (40, 40, 49728, 1152301, 8580, 17080, 7557764, 943281);
insert into resources (id, nation_id, oil, gas, diamond, gold, iron, coal) values (41, 41, 891501, 3571290, 4123, 31107, 3797753, 158109);
insert into resources (id, nation_id, oil, gas, diamond, gold, iron, coal) values (42, 42, 922279, 5862924, 9682, 87838, 7327874, 624373);
insert into resources (id, nation_id, oil, gas, diamond, gold, iron, coal) values (43, 43, 165690, 3832451, 6614, 44267, 5857369, 7012);
insert into resources (id, nation_id, oil, gas, diamond, gold, iron, coal) values (44, 44, 292556, 4139254, 2440, 23510, 2979186, 283772);
insert into resources (id, nation_id, oil, gas, diamond, gold, iron, coal) values (45, 45, 513631, 781656, 3599, 39841, 1262790, 10733);
insert into resources (id, nation_id, oil, gas, diamond, gold, iron, coal) values (46, 46, 250792, 4721289, 2969, 51533, 6087831, 700819);
insert into resources (id, nation_id, oil, gas, diamond, gold, iron, coal) values (47, 47, 680751, 754630, 9766, 11674, 828507, 644771);
insert into resources (id, nation_id, oil, gas, diamond, gold, iron, coal) values (48, 48, 697346, 8471654, 8777, 88386, 5949491, 592770);
insert into resources (id, nation_id, oil, gas, diamond, gold, iron, coal) values (49, 49, 937115, 9836091, 324, 81160, 9127540, 993594);
insert into resources (id, nation_id, oil, gas, diamond, gold, iron, coal) values (50, 50, 901429, 5393442, 9638, 99884, 8145057, 608363);
insert into resources (id, nation_id, oil, gas, diamond, gold, iron, coal) values (51, 51, 347747, 3404205, 1300, 1895, 2961961, 198549);
insert into resources (id, nation_id, oil, gas, diamond, gold, iron, coal) values (52, 52, 552374, 4029206, 2097, 95408, 4011349, 679951);
insert into resources (id, nation_id, oil, gas, diamond, gold, iron, coal) values (53, 53, 552474, 1029206, 2497, 44108, 1551349, 329951);

insert into millitarism (id, nation_id, conscript, tank_num, troop_num, rocket_num, bomb_num, mil_factories, nuke, rifle_num, tactic) values (1, 1, 6, 3417, 660679, 3354, 2174, 281, 4832, 571708, 'Offensive');
insert into millitarism (id, nation_id, conscript, tank_num, troop_num, rocket_num, bomb_num, mil_factories, nuke, rifle_num, tactic) values (2, 2, 2, 4215, 972901, 3432, 2353, 253, 2377, 221153, 'Deceptive');
insert into millitarism (id, nation_id, conscript, tank_num, troop_num, rocket_num, bomb_num, mil_factories, nuke, rifle_num, tactic) values (3, 3, 0, 8262, 800391, 1379, 1904, 53, 3153, 929487, 'Small Unit');
insert into millitarism (id, nation_id, conscript, tank_num, troop_num, rocket_num, bomb_num, mil_factories, nuke, rifle_num, tactic) values (4, 4, 3, 3153, 973365, 2208, 1606, 258, 4614, 447600, 'Small Unit');
insert into millitarism (id, nation_id, conscript, tank_num, troop_num, rocket_num, bomb_num, mil_factories, nuke, rifle_num, tactic) values (5, 5, 8, 3825, 774368, 772, 1024, 142, 3590, 185194, 'Small Unit');
insert into millitarism (id, nation_id, conscript, tank_num, troop_num, rocket_num, bomb_num, mil_factories, nuke, rifle_num, tactic) values (6, 6, 8, 2609, 221221, 3308, 1544, 152, 4440, 794012, 'Defensive');
insert into millitarism (id, nation_id, conscript, tank_num, troop_num, rocket_num, bomb_num, mil_factories, nuke, rifle_num, tactic) values (7, 7, 8, 4782, 983200, 218, 3911, 269, 581, 998344, 'Small Unit');
insert into millitarism (id, nation_id, conscript, tank_num, troop_num, rocket_num, bomb_num, mil_factories, nuke, rifle_num, tactic) values (8, 8, 1, 6525, 242800, 809, 3786, 201, 2870, 354017, 'Offensive');
insert into millitarism (id, nation_id, conscript, tank_num, troop_num, rocket_num, bomb_num, mil_factories, nuke, rifle_num, tactic) values (9, 9, 3, 1140, 666782, 3047, 1004, 256, 84, 782094, 'Small Unit');
insert into millitarism (id, nation_id, conscript, tank_num, troop_num, rocket_num, bomb_num, mil_factories, nuke, rifle_num, tactic) values (10, 10, 3, 4199, 766966, 1827, 1787, 7, 3585, 180663, 'Deceptive');
insert into millitarism (id, nation_id, conscript, tank_num, troop_num, rocket_num, bomb_num, mil_factories, nuke, rifle_num, tactic) values (11, 11, 8, 5125, 955101, 243, 3489, 64, 1164, 843504, 'Small Unit');
insert into millitarism (id, nation_id, conscript, tank_num, troop_num, rocket_num, bomb_num, mil_factories, nuke, rifle_num, tactic) values (12, 12, 10, 783, 292130, 582, 144, 118, 2361, 62252, 'Defensive');
insert into millitarism (id, nation_id, conscript, tank_num, troop_num, rocket_num, bomb_num, mil_factories, nuke, rifle_num, tactic) values (13, 13, 8, 2089, 700412, 3626, 99, 272, 2937, 977427, 'Defensive');
insert into millitarism (id, nation_id, conscript, tank_num, troop_num, rocket_num, bomb_num, mil_factories, nuke, rifle_num, tactic) values (14, 14, 0, 171, 628211, 291, 3631, 86, 4622, 769892, 'Defensive');
insert into millitarism (id, nation_id, conscript, tank_num, troop_num, rocket_num, bomb_num, mil_factories, nuke, rifle_num, tactic) values (15, 15, 6, 6413, 764517, 592, 2180, 298, 4202, 457080, 'Small Unit');
insert into millitarism (id, nation_id, conscript, tank_num, troop_num, rocket_num, bomb_num, mil_factories, nuke, rifle_num, tactic) values (16, 16, 10, 7954, 593716, 3818, 2685, 97, 4331, 929643, 'Offensive');
insert into millitarism (id, nation_id, conscript, tank_num, troop_num, rocket_num, bomb_num, mil_factories, nuke, rifle_num, tactic) values (17, 17, 0, 852, 541958, 1668, 3454, 82, 1167, 852733, 'Defensive');
insert into millitarism (id, nation_id, conscript, tank_num, troop_num, rocket_num, bomb_num, mil_factories, nuke, rifle_num, tactic) values (18, 18, 3, 3476, 63852, 261, 3318, 68, 2729, 357094, 'Defensive');
insert into millitarism (id, nation_id, conscript, tank_num, troop_num, rocket_num, bomb_num, mil_factories, nuke, rifle_num, tactic) values (19, 19, 6, 2737, 119703, 2708, 2804, 20, 2539, 369592, 'Offensive');
insert into millitarism (id, nation_id, conscript, tank_num, troop_num, rocket_num, bomb_num, mil_factories, nuke, rifle_num, tactic) values (20, 20, 5, 6364, 455663, 1964, 1049, 66, 1198, 874469, 'Small Unit');
insert into millitarism (id, nation_id, conscript, tank_num, troop_num, rocket_num, bomb_num, mil_factories, nuke, rifle_num, tactic) values (21, 21, 2, 630, 786577, 1684, 195, 31, 3246, 571723, 'Offensive');
insert into millitarism (id, nation_id, conscript, tank_num, troop_num, rocket_num, bomb_num, mil_factories, nuke, rifle_num, tactic) values (22, 22, 2, 2622, 478660, 2810, 1578, 51, 2736, 217829, 'Defensive');
insert into millitarism (id, nation_id, conscript, tank_num, troop_num, rocket_num, bomb_num, mil_factories, nuke, rifle_num, tactic) values (23, 23, 0, 5966, 621880, 3371, 10, 234, 2358, 116711, 'Defensive');
insert into millitarism (id, nation_id, conscript, tank_num, troop_num, rocket_num, bomb_num, mil_factories, nuke, rifle_num, tactic) values (24, 24, 7, 7694, 434191, 1101, 1104, 205, 4615, 878098, 'Defensive');
insert into millitarism (id, nation_id, conscript, tank_num, troop_num, rocket_num, bomb_num, mil_factories, nuke, rifle_num, tactic) values (25, 25, 0, 7537, 945578, 2956, 474, 181, 598, 78565, 'Defensive');
insert into millitarism (id, nation_id, conscript, tank_num, troop_num, rocket_num, bomb_num, mil_factories, nuke, rifle_num, tactic) values (26, 26, 2, 2514, 405248, 3984, 3244, 175, 371, 7159, 'Defensive');
insert into millitarism (id, nation_id, conscript, tank_num, troop_num, rocket_num, bomb_num, mil_factories, nuke, rifle_num, tactic) values (27, 27, 2, 4214, 544273, 3941, 192, 231, 4986, 371157, 'Small Unit');
insert into millitarism (id, nation_id, conscript, tank_num, troop_num, rocket_num, bomb_num, mil_factories, nuke, rifle_num, tactic) values (28, 28, 4, 3195, 499149, 2335, 3105, 21, 4940, 103216, 'Defensive');
insert into millitarism (id, nation_id, conscript, tank_num, troop_num, rocket_num, bomb_num, mil_factories, nuke, rifle_num, tactic) values (29, 29, 9, 209, 352963, 3453, 3184, 166, 4303, 143374, 'Offensive');
insert into millitarism (id, nation_id, conscript, tank_num, troop_num, rocket_num, bomb_num, mil_factories, nuke, rifle_num, tactic) values (30, 30, 2, 1205, 961748, 3607, 2834, 24, 1200, 594697, 'Deceptive');
insert into millitarism (id, nation_id, conscript, tank_num, troop_num, rocket_num, bomb_num, mil_factories, nuke, rifle_num, tactic) values (31, 31, 7, 6027, 571047, 3079, 1002, 147, 822, 663345, 'Deceptive');
insert into millitarism (id, nation_id, conscript, tank_num, troop_num, rocket_num, bomb_num, mil_factories, nuke, rifle_num, tactic) values (32, 32, 7, 5379, 520060, 2824, 151, 17, 147, 149847, 'Offensive');
insert into millitarism (id, nation_id, conscript, tank_num, troop_num, rocket_num, bomb_num, mil_factories, nuke, rifle_num, tactic) values (33, 33, 2, 9095, 567310, 1215, 1765, 207, 2788, 108373, 'Deceptive');
insert into millitarism (id, nation_id, conscript, tank_num, troop_num, rocket_num, bomb_num, mil_factories, nuke, rifle_num, tactic) values (34, 34, 7, 593, 769462, 245, 3698, 224, 1461, 467408, 'Deceptive');
insert into millitarism (id, nation_id, conscript, tank_num, troop_num, rocket_num, bomb_num, mil_factories, nuke, rifle_num, tactic) values (35, 35, 6, 6086, 936326, 2587, 1143, 131, 480, 146152, 'Small Unit');
insert into millitarism (id, nation_id, conscript, tank_num, troop_num, rocket_num, bomb_num, mil_factories, nuke, rifle_num, tactic) values (36, 36, 6, 5970, 913982, 1628, 814, 202, 4635, 770063, 'Small Unit');
insert into millitarism (id, nation_id, conscript, tank_num, troop_num, rocket_num, bomb_num, mil_factories, nuke, rifle_num, tactic) values (37, 37, 5, 2059, 744235, 460, 2345, 88, 3108, 191466, 'Offensive');
insert into millitarism (id, nation_id, conscript, tank_num, troop_num, rocket_num, bomb_num, mil_factories, nuke, rifle_num, tactic) values (38, 38, 8, 7866, 475801, 3630, 3471, 272, 4946, 495062, 'Offensive');
insert into millitarism (id, nation_id, conscript, tank_num, troop_num, rocket_num, bomb_num, mil_factories, nuke, rifle_num, tactic) values (39, 39, 4, 529, 334205, 1208, 1131, 171, 4785, 91426, 'Offensive');
insert into millitarism (id, nation_id, conscript, tank_num, troop_num, rocket_num, bomb_num, mil_factories, nuke, rifle_num, tactic) values (40, 40, 9, 6501, 527419, 2343, 3158, 100, 2215, 669876, 'Offensive');
insert into millitarism (id, nation_id, conscript, tank_num, troop_num, rocket_num, bomb_num, mil_factories, nuke, rifle_num, tactic) values (41, 41, 6, 2758, 124397, 165, 3020, 294, 3060, 470114, 'Offensive');
insert into millitarism (id, nation_id, conscript, tank_num, troop_num, rocket_num, bomb_num, mil_factories, nuke, rifle_num, tactic) values (42, 42, 8, 1585, 606346, 2756, 2339, 234, 4320, 254273, 'Deceptive');
insert into millitarism (id, nation_id, conscript, tank_num, troop_num, rocket_num, bomb_num, mil_factories, nuke, rifle_num, tactic) values (43, 43, 9, 1145, 905044, 2615, 3389, 65, 3161, 892621, 'Offensive');
insert into millitarism (id, nation_id, conscript, tank_num, troop_num, rocket_num, bomb_num, mil_factories, nuke, rifle_num, tactic) values (44, 44, 3, 7684, 529413, 729, 1641, 242, 2741, 421059, 'Small Unit');
insert into millitarism (id, nation_id, conscript, tank_num, troop_num, rocket_num, bomb_num, mil_factories, nuke, rifle_num, tactic) values (45, 45, 4, 6810, 864207, 1014, 967, 204, 1293, 958098, 'Offensive');
insert into millitarism (id, nation_id, conscript, tank_num, troop_num, rocket_num, bomb_num, mil_factories, nuke, rifle_num, tactic) values (46, 46, 10, 1217, 266067, 2701, 1086, 98, 1895, 468986, 'Offensive');
insert into millitarism (id, nation_id, conscript, tank_num, troop_num, rocket_num, bomb_num, mil_factories, nuke, rifle_num, tactic) values (47, 47, 0, 8485, 719232, 1099, 2416, 89, 10, 588152, 'Defensive');
insert into millitarism (id, nation_id, conscript, tank_num, troop_num, rocket_num, bomb_num, mil_factories, nuke, rifle_num, tactic) values (48, 48, 10, 2304, 937740, 231, 927, 161, 4802, 16211, 'Deceptive');
insert into millitarism (id, nation_id, conscript, tank_num, troop_num, rocket_num, bomb_num, mil_factories, nuke, rifle_num, tactic) values (49, 49, 10, 9723, 814896, 3970, 1095, 279, 2824, 310165, 'Deceptive');
insert into millitarism (id, nation_id, conscript, tank_num, troop_num, rocket_num, bomb_num, mil_factories, nuke, rifle_num, tactic) values (50, 50, 8, 3060, 344404, 3674, 883, 86, 2830, 240576, 'Deceptive');
insert into millitarism (id, nation_id, conscript, tank_num, troop_num, rocket_num, bomb_num, mil_factories, nuke, rifle_num, tactic) values (51, 51, 5, 2731, 599198, 2516, 2158, 156, 2467, 361349, 'Small Unit');
insert into millitarism (id, nation_id, conscript, tank_num, troop_num, rocket_num, bomb_num, mil_factories, nuke, rifle_num, tactic) values (52, 52, 0, 3505, 244339, 420, 1924, 165, 2816, 804510, 'Defensive');
insert into millitarism (id, nation_id, conscript, tank_num, troop_num, rocket_num, bomb_num, mil_factories, nuke, rifle_num, tactic) values (53, 53, 1, 4000, 244000, 420, 1900, 100, 3000, 800000, 'Defensive');

insert into geography (id, nation_id, aver_temp, size) values (1, 1, 35, 138681);
insert into geography (id, nation_id, aver_temp, size) values (2, 2, 8, 121111);
insert into geography (id, nation_id, aver_temp, size) values (3, 3, 19, 240668);
insert into geography (id, nation_id, aver_temp, size) values (4, 4, 40, 159921);
insert into geography (id, nation_id, aver_temp, size) values (5, 5, 33, 324029);
insert into geography (id, nation_id, aver_temp, size) values (6, 6, 24, 316265);
insert into geography (id, nation_id, aver_temp, size) values (7, 7, 24, 279096);
insert into geography (id, nation_id, aver_temp, size) values (8, 8, 13, 234985);
insert into geography (id, nation_id, aver_temp, size) values (9, 9, 24, 36281);
insert into geography (id, nation_id, aver_temp, size) values (10, 10, 13, 303410);
insert into geography (id, nation_id, aver_temp, size) values (11, 11, 32, 147121);
insert into geography (id, nation_id, aver_temp, size) values (12, 12, 16, 118940);
insert into geography (id, nation_id, aver_temp, size) values (13, 13, 30, 281203);
insert into geography (id, nation_id, aver_temp, size) values (14, 14, 15, 279883);
insert into geography (id, nation_id, aver_temp, size) values (15, 15, 24, 319836);
insert into geography (id, nation_id, aver_temp, size) values (16, 16, 19, 333240);
insert into geography (id, nation_id, aver_temp, size) values (17, 17, 22, 337466);
insert into geography (id, nation_id, aver_temp, size) values (18, 18, 22, 186810);
insert into geography (id, nation_id, aver_temp, size) values (19, 19, 8, 104087);
insert into geography (id, nation_id, aver_temp, size) values (20, 20, 20, 178295);
insert into geography (id, nation_id, aver_temp, size) values (21, 21, 38, 65504);
insert into geography (id, nation_id, aver_temp, size) values (22, 22, 29, 26437);
insert into geography (id, nation_id, aver_temp, size) values (23, 23, 20, 131604);
insert into geography (id, nation_id, aver_temp, size) values (24, 24, 14, 226054);
insert into geography (id, nation_id, aver_temp, size) values (25, 25, 36, 271362);
insert into geography (id, nation_id, aver_temp, size) values (26, 26, 29, 198425);
insert into geography (id, nation_id, aver_temp, size) values (27, 27, 33, 274237);
insert into geography (id, nation_id, aver_temp, size) values (28, 28, 37, 337589);
insert into geography (id, nation_id, aver_temp, size) values (29, 29, 31, 101713);
insert into geography (id, nation_id, aver_temp, size) values (30, 30, 39, 151719);
insert into geography (id, nation_id, aver_temp, size) values (31, 31, 33, 212195);
insert into geography (id, nation_id, aver_temp, size) values (32, 32, 30, 110321);
insert into geography (id, nation_id, aver_temp, size) values (33, 33, 37, 324986);
insert into geography (id, nation_id, aver_temp, size) values (34, 34, 40, 258145);
insert into geography (id, nation_id, aver_temp, size) values (35, 35, 19, 301206);
insert into geography (id, nation_id, aver_temp, size) values (36, 36, 39, 48293);
insert into geography (id, nation_id, aver_temp, size) values (37, 37, 22, 158743);
insert into geography (id, nation_id, aver_temp, size) values (38, 38, 31, 100028);
insert into geography (id, nation_id, aver_temp, size) values (39, 39, 32, 107236);
insert into geography (id, nation_id, aver_temp, size) values (40, 40, 37, 222543);
insert into geography (id, nation_id, aver_temp, size) values (41, 41, 20, 43511);
insert into geography (id, nation_id, aver_temp, size) values (42, 42, 15, 125065);
insert into geography (id, nation_id, aver_temp, size) values (43, 43, 14, 36538);
insert into geography (id, nation_id, aver_temp, size) values (44, 44, 28, 108455);
insert into geography (id, nation_id, aver_temp, size) values (45, 45, 17, 292153);
insert into geography (id, nation_id, aver_temp, size) values (46, 46, 3, 237534);
insert into geography (id, nation_id, aver_temp, size) values (47, 47, 13, 326553);
insert into geography (id, nation_id, aver_temp, size) values (48, 48, 38, 124265);
insert into geography (id, nation_id, aver_temp, size) values (49, 49, 33, 23744);
insert into geography (id, nation_id, aver_temp, size) values (50, 50, 11, 235627);
insert into geography (id, nation_id, aver_temp, size) values (51, 51, 40, 146929);
insert into geography (id, nation_id, aver_temp, size) values (52, 52, 30, 332051);
insert into geography (id, nation_id, aver_temp, size) values (53, 53, 32, 133451);


insert into politics (id, nation_id, ideology, fraction, gover_supp) values (1, 1, 'Communism', 'Comintern', 92);
insert into politics (id, nation_id, ideology, fraction, gover_supp) values (2, 2, 'Democracy', 'Allies', 77);
insert into politics (id, nation_id, ideology, fraction, gover_supp) values (3, 3, 'Democracy', 'None', 45);
insert into politics (id, nation_id, ideology, fraction, gover_supp) values (4, 4, 'Democracy', 'None', 74);
insert into politics (id, nation_id, ideology, fraction, gover_supp) values (5, 5, 'Neutral', 'None', 51);
insert into politics (id, nation_id, ideology, fraction, gover_supp) values (6, 6, 'Democracy', 'Allies', 45);
insert into politics (id, nation_id, ideology, fraction, gover_supp) values (7, 7, 'Neutral', 'None', 60);
insert into politics (id, nation_id, ideology, fraction, gover_supp) values (8, 8, 'Fascism', 'Axis', 58);
insert into politics (id, nation_id, ideology, fraction, gover_supp) values (9, 9, 'Neutral', 'None', 41);
insert into politics (id, nation_id, ideology, fraction, gover_supp) values (10, 10, 'Neutral', 'None', 72);
insert into politics (id, nation_id, ideology, fraction, gover_supp) values (11, 11, 'Fascism', 'Axis', 57);
insert into politics (id, nation_id, ideology, fraction, gover_supp) values (12, 12, 'Democracy', 'Allies', 76);
insert into politics (id, nation_id, ideology, fraction, gover_supp) values (13, 13, 'Fascism', 'Axis', 95);
insert into politics (id, nation_id, ideology, fraction, gover_supp) values (14, 14, 'Fascism', 'Axis', 79);
insert into politics (id, nation_id, ideology, fraction, gover_supp) values (15, 15, 'Neutral', 'None', 69);
insert into politics (id, nation_id, ideology, fraction, gover_supp) values (16, 16, 'Fascism', 'Axis', 71);
insert into politics (id, nation_id, ideology, fraction, gover_supp) values (17, 17, 'Fascism', 'Axis', 86);
insert into politics (id, nation_id, ideology, fraction, gover_supp) values (18, 18, 'Democracy', 'Allies', 51);
insert into politics (id, nation_id, ideology, fraction, gover_supp) values (19, 19, 'Neutral', 'None', 60);
insert into politics (id, nation_id, ideology, fraction, gover_supp) values (20, 20, 'Democracy', 'None', 57);
insert into politics (id, nation_id, ideology, fraction, gover_supp) values (21, 21, 'Fascism', 'Axis', 69);
insert into politics (id, nation_id, ideology, fraction, gover_supp) values (22, 22, 'Democracy', 'Allies', 55);
insert into politics (id, nation_id, ideology, fraction, gover_supp) values (23, 23, 'Democracy', 'None', 69);
insert into politics (id, nation_id, ideology, fraction, gover_supp) values (24, 24, 'Democracy', 'None', 97);
insert into politics (id, nation_id, ideology, fraction, gover_supp) values (25, 25, 'Democracy', 'None', 77);
insert into politics (id, nation_id, ideology, fraction, gover_supp) values (26, 26, 'Democracy', 'Allies', 42);
insert into politics (id, nation_id, ideology, fraction, gover_supp) values (27, 27, 'Democracy', 'None', 84);
insert into politics (id, nation_id, ideology, fraction, gover_supp) values (28, 28, 'Democracy', 'Axis', 99);
insert into politics (id, nation_id, ideology, fraction, gover_supp) values (29, 29, 'Democracy', 'Allies', 98);
insert into politics (id, nation_id, ideology, fraction, gover_supp) values (30, 30, 'Democracy', 'Allies', 80);
insert into politics (id, nation_id, ideology, fraction, gover_supp) values (31, 31, 'Democracy', 'Allies', 79);
insert into politics (id, nation_id, ideology, fraction, gover_supp) values (32, 32, 'Communism', 'Comintern', 57);
insert into politics (id, nation_id, ideology, fraction, gover_supp) values (33, 33, 'Fascism', 'Greater East Asia Co-Prosperity Sphere', 65);
insert into politics (id, nation_id, ideology, fraction, gover_supp) values (34, 34, 'Democracy', 'Allies', 50);
insert into politics (id, nation_id, ideology, fraction, gover_supp) values (35, 35, 'Neutral', 'None', 61);
insert into politics (id, nation_id, ideology, fraction, gover_supp) values (36, 36, 'Neutral', 'None', 83);
insert into politics (id, nation_id, ideology, fraction, gover_supp) values (37, 37, 'Neutral', 'None', 80);
insert into politics (id, nation_id, ideology, fraction, gover_supp) values (38, 38, 'Neutral', 'None', 52);
insert into politics (id, nation_id, ideology, fraction, gover_supp) values (39, 39, 'Neutral', 'None', 62);
insert into politics (id, nation_id, ideology, fraction, gover_supp) values (40, 40, 'Fascism', 'Axis', 87);
insert into politics (id, nation_id, ideology, fraction, gover_supp) values (41, 41, 'Fascism', 'Axis', 47);
insert into politics (id, nation_id, ideology, fraction, gover_supp) values (42, 42, 'Democracy', 'None', 87);
insert into politics (id, nation_id, ideology, fraction, gover_supp) values (43, 43, 'Fascism', 'None', 92);
insert into politics (id, nation_id, ideology, fraction, gover_supp) values (44, 44, 'Democracy', 'None', 86);
insert into politics (id, nation_id, ideology, fraction, gover_supp) values (45, 45, 'Neutral', 'None', 81);
insert into politics (id, nation_id, ideology, fraction, gover_supp) values (46, 46, 'Neutral', 'None', 92);
insert into politics (id, nation_id, ideology, fraction, gover_supp) values (47, 47, 'Communism', 'Comintern', 52);
insert into politics (id, nation_id, ideology, fraction, gover_supp) values (48, 48, 'Neutral', 'Greater East Asia Co-Prosperity Sphere', 72);
insert into politics (id, nation_id, ideology, fraction, gover_supp) values (49, 49, 'Democracy', 'Allies', 47);
insert into politics (id, nation_id, ideology, fraction, gover_supp) values (50, 50, 'Democracy', 'Allies', 78);
insert into politics (id, nation_id, ideology, fraction, gover_supp) values (51, 51, 'Democracy', 'Allies', 53);
insert into politics (id, nation_id, ideology, fraction, gover_supp) values (52, 52, 'Fascism', 'Axis', 67);
insert into politics (id, nation_id, ideology, fraction, gover_supp) values (53, 53, 'Democracy', 'None', 90);


insert into economy (id, nation_id, gdp, stability, curruption_rate) values (1, 1, 98162, 89, 21);
insert into economy (id, nation_id, gdp, stability, curruption_rate) values (2, 2, 13253, 44, 41);
insert into economy (id, nation_id, gdp, stability, curruption_rate) values (3, 3, 19452, 45, 76);
insert into economy (id, nation_id, gdp, stability, curruption_rate) values (4, 4, 85160, 74, 84);
insert into economy (id, nation_id, gdp, stability, curruption_rate) values (5, 5, 12118, 52, 31);
insert into economy (id, nation_id, gdp, stability, curruption_rate) values (6, 6, 81343, 42, 91);
insert into economy (id, nation_id, gdp, stability, curruption_rate) values (7, 7, 34620, 86, 58);
insert into economy (id, nation_id, gdp, stability, curruption_rate) values (8, 8, 11913, 45, 29);
insert into economy (id, nation_id, gdp, stability, curruption_rate) values (9, 9, 36265, 97, 79);
insert into economy (id, nation_id, gdp, stability, curruption_rate) values (10, 10, 1444, 39, 97);
insert into economy (id, nation_id, gdp, stability, curruption_rate) values (11, 11, 59150, 9, 27);
insert into economy (id, nation_id, gdp, stability, curruption_rate) values (12, 12, 82342, 91, 99);
insert into economy (id, nation_id, gdp, stability, curruption_rate) values (13, 13, 62621, 5, 78);
insert into economy (id, nation_id, gdp, stability, curruption_rate) values (14, 14, 69739, 36, 95);
insert into economy (id, nation_id, gdp, stability, curruption_rate) values (15, 15, 6779, 14, 0);
insert into economy (id, nation_id, gdp, stability, curruption_rate) values (16, 16, 44758, 74, 5);
insert into economy (id, nation_id, gdp, stability, curruption_rate) values (17, 17, 82599, 85, 91);
insert into economy (id, nation_id, gdp, stability, curruption_rate) values (18, 18, 65535, 74, 34);
insert into economy (id, nation_id, gdp, stability, curruption_rate) values (19, 19, 26005, 80, 34);
insert into economy (id, nation_id, gdp, stability, curruption_rate) values (20, 20, 5272, 99, 51);
insert into economy (id, nation_id, gdp, stability, curruption_rate) values (21, 21, 26240, 10, 25);
insert into economy (id, nation_id, gdp, stability, curruption_rate) values (22, 22, 34150, 0, 56);
insert into economy (id, nation_id, gdp, stability, curruption_rate) values (23, 23, 79363, 100, 47);
insert into economy (id, nation_id, gdp, stability, curruption_rate) values (24, 24, 1589, 60, 51);
insert into economy (id, nation_id, gdp, stability, curruption_rate) values (25, 25, 31125, 11, 34);
insert into economy (id, nation_id, gdp, stability, curruption_rate) values (26, 26, 72715, 11, 11);
insert into economy (id, nation_id, gdp, stability, curruption_rate) values (27, 27, 67089, 55, 71);
insert into economy (id, nation_id, gdp, stability, curruption_rate) values (28, 28, 54238, 50, 86);
insert into economy (id, nation_id, gdp, stability, curruption_rate) values (29, 29, 5491, 62, 0);
insert into economy (id, nation_id, gdp, stability, curruption_rate) values (30, 30, 46809, 48, 14);
insert into economy (id, nation_id, gdp, stability, curruption_rate) values (31, 31, 46515, 4, 27);
insert into economy (id, nation_id, gdp, stability, curruption_rate) values (32, 32, 83613, 78, 35);
insert into economy (id, nation_id, gdp, stability, curruption_rate) values (33, 33, 79187, 34, 7);
insert into economy (id, nation_id, gdp, stability, curruption_rate) values (34, 34, 56865, 21, 92);
insert into economy (id, nation_id, gdp, stability, curruption_rate) values (35, 35, 63589, 13, 73);
insert into economy (id, nation_id, gdp, stability, curruption_rate) values (36, 36, 96435, 47, 93);
insert into economy (id, nation_id, gdp, stability, curruption_rate) values (37, 37, 32807, 99, 56);
insert into economy (id, nation_id, gdp, stability, curruption_rate) values (38, 38, 95422, 24, 65);
insert into economy (id, nation_id, gdp, stability, curruption_rate) values (39, 39, 21843, 6, 70);
insert into economy (id, nation_id, gdp, stability, curruption_rate) values (40, 40, 30083, 5, 85);
insert into economy (id, nation_id, gdp, stability, curruption_rate) values (41, 41, 64853, 98, 43);
insert into economy (id, nation_id, gdp, stability, curruption_rate) values (42, 42, 39245, 91, 51);
insert into economy (id, nation_id, gdp, stability, curruption_rate) values (43, 43, 35297, 25, 23);
insert into economy (id, nation_id, gdp, stability, curruption_rate) values (44, 44, 6731, 96, 29);
insert into economy (id, nation_id, gdp, stability, curruption_rate) values (45, 45, 52072, 40, 18);
insert into economy (id, nation_id, gdp, stability, curruption_rate) values (46, 46, 42665, 35, 70);
insert into economy (id, nation_id, gdp, stability, curruption_rate) values (47, 47, 18787, 34, 44);
insert into economy (id, nation_id, gdp, stability, curruption_rate) values (48, 48, 7913, 23, 28);
insert into economy (id, nation_id, gdp, stability, curruption_rate) values (49, 49, 46505, 30, 80);
insert into economy (id, nation_id, gdp, stability, curruption_rate) values (50, 50, 47541, 96, 71);
insert into economy (id, nation_id, gdp, stability, curruption_rate) values (51, 51, 99205, 99, 42);
insert into economy (id, nation_id, gdp, stability, curruption_rate) values (52, 52, 19886, 33, 35);
insert into economy (id, nation_id, gdp, stability, curruption_rate) values (53, 53, 50310, 89, 12);


insert into at_war (id, type_of_war) values (1, 'Defcon 1');
insert into at_war (id, type_of_war) values (1, 'Defcon 2');
insert into at_war (id, type_of_war) values (1, 'Defcon 3');
insert into at_war (id, type_of_war) values (1, 'Defcon 4');
insert into at_war (id, type_of_war) values (1, 'Defcon 5');




